type,prompt,output
general_continuation,Artificial intelligence is transforming,the concepts of the public. It is a great opportunity to find information from the people of the world to be in the world of our world. It is a very important role in which we can learn from our own and the world. Our staff will be able to provide and provide an opportunity to ensure that we will be able to ensure you will keep going out of the world. Your team will be an important place to give you the opportunity to make a better place on the field of your own job. We will be proud to have a great job to make sure that you can help you to
general_continuation,The future of technology will depend on,"more than a month to be a very exciting time for people who are looking for a lot of people. The future is that we have a lot of time to do with the best practice in this world. In a way that is a great place to keep the same way. The last thing that has to be done is that this is the same. I am a member of the Baltimore. I am a member of the Golf Association of Engineering and Technology, a team that is a member of the FCD, who is a member of the Golf Reserve. I hope"
general_continuation,Education plays a crucial role in,"the industry. The role of the president and CEO will have a strong team in the field of skills to ensure the ability of the team.” The CEO and CEO of the Director of the Management of a team of partners. He is a member of the NSCR National Council. “We have to be able to develop a team that will help our clients see their needs and help them continue working with the team,” said Van M. J. J. R. G. L. L. NSCR, NSCR, and RML. The team will be"
eci_continuation,Nomination papers must be filed,"in the same constituency. In case of any candidate who has been elected by the candidate or his election agent is an elector of a person who is not elected to the candidate or his election agent in the constituency. The candidate will also be allowed to vote by a candidate for the election agent of the candidate to vote on the basis of the candidate for the election of the constituency. For example, a candidate will be a candidate of a constituency where the candidate is not required to be the candidate. The candidate will not be given the name of the constituency (and a copy of the form of nomination paper),"
eci_continuation,The Returning Officer shall,"ensure that the Returning Officer is not to be used by the Commission for the purpose. The Returning Officer shall, in the manner as to the Returning Officer and the Returning Officer to the Returning Officer of the constituency, so that the Returning Officer will keep his/her name in the constituency. The Returning Officer shall, as soon as the date of counting of votes in Form 13A, in the case of the Parliamentary Constituency, when the candidate has been duly nominated. The Returning Officer shall also ensure that the Returning Officer is to be allowed to submit the declaration to the Returning Officer for the time of scrutiny."
eci_continuation,"During elections, the Election Commission ensures","that the election is present in the constituency, the Commission has issued a copy of the electoral roll, the Commission has made in a manner that the candidate has been allowed to make the conduct of the constituency. The Commission has to be the Commission’s official for the purpose of poll, the Election Commission has been issued to the Commission in his election duty. In order to ensure that the Commission’s instructions were to be done, the Commission has issued the notice to the Chief Electoral Officer and the Returning Officer shall be appointed by the Commission as soon as the Commission has been completed. This should be ensure"
qna_zero_shot,Can nomination papers be sent by email?,Writing in a copy of the nomination paper does not apply to the Election Commission of India; or (a) a copy of the electoral roll; and (a) the list of contesting candidates; (c) the name of the candidate; (c) the name of the candidate; (c) the name of the candidate or the candidate; (c) the candidate or his election agent; (c) the candidate or his election agent; (c) the name of the candidate; (c) the candidate or his election agent. (c) any other person who is in a constituency
qna_zero_shot,Who can submit a nomination paper?,"The candidate is not permitted to vote on the nomination paper. The nomination paper has been filed, in the case of a candidate or his member of the candidate. The candidate must not be elected as a candidate or his election agent in the constituency for which he is disqualified for the election. It is not only to vote in a district, if a candidate is a person, in a case of a candidate who has been notified under the form of candidate, he might not be an election agent, or any other person who is a member of the candidate or his agent. However, he or she"
qna_zero_shot,What happens if nomination papers are incomplete?,"It is an opportunity to ask your candidate or his/her nomination paper. If the candidate has been issued by a candidate or his/her nomination paper, Returning Officer will not be present to the Returning Officer. The candidate shall have the nomination paper as a registered elector for the constituency in the constituency where the candidate has been nominated and the candidate is required to vote by vote. The candidate shall also be authorized by the candidate. The candidate shall also be appointed by the Returning Officer on the notice of the candidate or his/her nomination paper. In case of any reason of any candidate or his/her"
qna_few_shot,Can nomination papers be sent by email?,"If the candidate has been nominated by a candidate or his party or his/her agents in the constituency, he/she must not be present at the time of booking or any other person. If the candidate has been nominated by the Returning Officer, his/her nomination paper shall be given a postal ballot paper on the date of poll. The Returning Officer should also submit the nomination paper to the election agent and not at the time of filing, the candidate or his/her election agent or his/her election agent. If the candidate is required to vote at the time of scrutiny, he/she may"
qna_few_shot,Who can submit a nomination paper?,"A. Former: If a candidate has not been filed or filed, Returning Officer shall, at any time, as may be the candidate or his agent, he shall not be permitted to vote; or (b) a candidate or his vote in his election agent. It is also to be permitted to vote in the constituency. In case of any other person who is in a constituency or a State/UT, he shall not be in the constituency. The RO shall give the declaration in Form 13A as in the case of a candidate. The candidate has not been given in the notice of the"
qna_few_shot,What happens if nomination papers are incomplete?,"(a) If the candidate is not allowed to vote on the ballot papers, if a person has been filed, the candidate may be allowed to vote after his election agent. If a candidate has been made in his nomination paper or his nomination paper, he may not be allowed to vote on his nomination paper or any other nomination paper if he has been filed. Where the candidate is not required to cast his vote on the same day, he shall, in case of any other person who is not required to take his nomination paper. In this case the nomination paper is to be rejected by a candidate or"
